view,angry
331046,34270
200127,16075
196997,1077
174632,14161
169471,4652
149380,15262
141388,824
140395,3893
135112,1940
124725,732
112710,440
110050,6435
108688,326
107359,2796
100489,7106
96329,158
95367,912
90380,230
88449,196
87939,149
87803,8774
84114,9590
81532,307
79469,6350
78863,4131
78523,2769
75481,3078
75391,7623
75312,743
74518,9845
203135,34493
187682,8499
166801,434
134609,7194
124460,4375
112830,476
103781,11908
100082,8796
94819,17340
94402,240
91391,315
86094,8359
84627,13424
81783,8918
78611,1841
77916,149
76172,3768
71012,155
65639,1174
65234,1102
64356,23
63915,881
62435,1192
62275,1750
61938,2235
61730,868
61330,3922
60383,886
59822,6280
59707,122
340221,38104
336015,1259
306843,2115
274130,2076
273344,1876
198699,1169
157586,1069
147244,151
145378,15473
143043,9442
142370,1250
141153,579
138707,2101
128964,5168
117540,506
107102,1147
103037,3875
100644,8551
100237,437
96749,467
95464,1528
91847,8511
89441,237
88903,7754
88717,302
87648,2832
86681,165
85840,176
83750,200
83178,627
238475,1791
220156,13211
190732,4890
164684,19166
153768,11967
127426,130
126368,8551
116062,8310
112343,2475
99842,10969
97029,4185
92355,373
91646,8511
89453,1028
86177,475
83592,12593
83424,171
81311,106
81146,1469
80786,5837
74220,4272
73088,3598
71058,5534
70828,7204
69792,2606
68514,1548
67139,3275
66898,131
65282,603
64725,995
250259,27606
164840,1097
163520,466
160132,4944
146431,11163
133346,11178
132267,23567
128284,7740
125324,6216
118796,5004
108895,82
94071,194
93674,4148
91890,10228
91525,3059
89044,3293
88140,3992
85789,1864
83495,8353
82152,12709
74805,141
74518,329
74311,3851
69776,4854
69036,662
67784,401
64872,6005
62778,10860
58002,420
56866,1864
349578,24742
348519,32317
199061,25011
195708,1822
190931,197
142516,4490
139977,7725
134642,901
131732,10935
128954,11183
111566,904
97913,10038
94794,10062
94520,5593
86950,362
78685,568
77835,1744
77548,7284
77504,5462
73967,3749
71557,1985
70752,68
69436,3059
68186,93
68179,5893
67584,196
66860,1155
63806,5115
63323,551
62792,60
244801,18416
202482,1990
183468,20712
151222,88
128658,7081
116722,423
103948,535
101749,6395
100650,259
99083,9616
96731,256
95863,12456
92153,373
84843,11989
83169,2548
80158,1304
80083,11074
76980,14004
73860,13222
71495,1418
70937,3577
70927,515
70612,4856
70330,7511
68368,5080
66386,5278
66246,30
64600,4316
63639,2601
63018,266
177644,847
167735,866
144685,278
140913,461
138987,427
130916,998
119397,359
106720,665
106461,573
104302,223
103893,1837
102227,14824
101080,1262
95792,166
90891,2321
89305,543
86512,696
82139,131
76568,50
73401,1985
73062,1051
71008,910
67928,3521
63387,3337
62745,95
62646,10770
61367,3708
60702,1689
60584,2498
60552,100
196436,1251
117083,5490
102535,282
100608,943
97625,683
89399,118
88781,1083
86822,644
82485,744
82472,785
79791,14568
79498,865
78714,6563
76025,476
72195,5521
64474,200
62012,868
59754,479
57989,57
54827,2032
54137,3727
53504,216
52080,4756
50663,777
49023,1906
48668,409
47990,847
46610,144
45182,47
44244,237
213355,12895
170554,18456
163228,8272
134812,6359
125890,12550
120348,6394
114314,4427
113960,483
113337,7173
105801,2334
100846,329
100125,19696
87751,3434
87604,2611
86244,740
85940,10570
76376,4234
75810,8505
74749,4223
73710,245
71298,87
65685,2389
65632,6788
65092,57
64534,7046
64333,97
63978,197
60742,125
59341,283
58598,232
210438,8823
177879,21177
176055,8634
143394,4910
106880,110
95091,601
89499,484
83282,4576
77275,5690
76655,53
76414,66
71079,3866
69403,3560
61991,77
59069,216
58382,6189
57227,2723
56754,204
56129,357
54491,1365
52620,6845
52320,39
51792,3725
51405,6770
51228,944
50800,11844
50546,881
50501,49
48908,155
48103,2037
216431,18148
169084,16637
128141,4877
121490,6185
98752,85
98692,6803
86078,2435
73818,1038
71856,3262
71063,9099
62796,1889
61521,10069
58078,914
57162,264
55359,4973
53603,4544
52540,11844
48927,1088
48105,301
47846,238
46894,947
45559,6770
45508,2088
44995,727
44948,9399
44895,1700
44789,4769
44782,1014
44074,6304
40699,510
232130,506
159102,18972
144229,12501
105407,22
99290,6778
81465,12456
79879,76
78769,5408
76373,10542
69646,3837
67942,25
65715,7248
60749,810
58884,4190
58032,576
56988,8563
56505,4944
56380,1313
49235,1587
47472,3671
47059,3220
46581,5258
46393,46
45592,3240
42542,2793
40814,1144
39831,2148
39391,398
37863,104
35077,1587
487572,15841
217863,5458
191811,5506
172995,8007
172610,568
144614,359
144030,462
140999,598
140999,227
137222,8856
136231,1276
130611,236
124236,3207
119896,9576
118444,5997
116292,7301
111609,5652
110717,190
109498,2985
108840,4916
97885,1541
95994,5539
93634,1321
92946,3236
87844,137
87818,393
85629,442
85328,416
83918,11120
83158,691
347557,23171
228472,636
212166,1076
194051,92
192765,4607
184480,2007
172651,18600
165460,5574
161874,4759
147147,4783
124925,11080
114044,9936
111849,2317
110339,8629
100668,2659
98502,2174
93667,3180
91155,2267
87755,749
84984,6150
84679,3117
82231,1618
79167,4184
75274,986
74673,2438
73028,1414
72708,1587
69028,1108
68466,121
68274,887
204576,5493
174945,245
164635,802
151749,8582
132717,8424
131405,4319
126580,4049
114405,1513
104924,693
103964,1335
101918,4267
88110,6893
83486,2884
79351,646
77571,4128
77057,8121
73262,394
72153,989
71583,4758
71302,1913
71296,603
68984,5922
66047,2761
62918,883
60805,49
60514,2495
59929,2440
58414,1056
57095,5052
56614,15
224669,4204
174940,6585
157356,921
143719,13582
141064,10060
127729,13454
119919,10428
119037,140
116210,260
114384,296
108467,12110
104608,2622
94833,1242
84692,172
82807,3624
79670,2069
75502,5406
73360,4298
69773,4449
66736,61
65954,827
61070,38
58037,3664
55706,1387
55679,5088
55335,2268
55238,2715
55227,334
55099,2141
54587,4243
281268,545
144332,13582
128389,6569
125049,581
120930,9472
112024,230
90940,10877
90114,1022
89330,70
89215,13788
89188,72
87293,18323
85246,724
84969,609
81359,1147
80706,169
80096,3966
79101,1396
78847,348
78319,130
77897,3104
76634,4888
74670,2322
72892,36
71409,36
71056,3891
71051,827
69607,187
68409,2100
65707,851
176172,1363
166036,2608
163712,6680
163309,817
161347,101
152435,142
142146,140
128354,9078
116121,50
113302,574
106794,293
106603,2501
98777,683
96214,4970
94823,5124
93402,2840
91458,302
91412,1346
90723,1223
88177,133
87447,10638
86420,106
81670,39
81155,3539
77179,2889
77011,3662
75179,80
73422,280
71495,122
68234,4385
231715,14885
216941,1412
153319,5044
136202,2195
123428,1056
123395,17
118391,8897
104187,1778
99923,4685
94524,574
94187,11
92213,647
87547,298
86681,3768
85637,2849
79540,10374
77322,4008
76428,5683
76235,5506
74947,4630
69960,500
66355,8395
59626,302
59132,1780
57711,1363
57564,334
56610,1613
56074,413
55187,6098
53868,1418
192970,10129
161882,15037
133038,6747
125998,3025
110656,18211
109504,463
108280,14885
107050,9013
99962,1828
95810,10269
88185,1160
86050,3209
72956,9143
72611,3441
71994,1827
71948,4951
71745,6563
71217,2236
70382,4497
69974,108
66978,4407
66748,4360
66155,2954
64588,565
63946,5925
61683,4005
61014,3768
60886,3279
59408,899
58661,5180
277290,9360
131966,9085
107996,8182
97014,3535
93201,3667
92133,790
84166,1520
79900,4005
78126,4095
77527,286
76181,2720
75793,2499
74797,485
74397,1244
73656,4679
72851,878
72179,10335
71419,1021
70717,1644
69330,9328
69017,3236
68415,1168
64245,8078
60734,4704
60596,605
58788,582
56548,1597
56093,1238
55702,2620
55261,1607
195231,1800
167688,4093
161279,6597
141489,4357
121463,1250
114076,11389
111226,5606
111199,2032
110632,6062
107073,1572
106478,2589
105950,2157
102918,2500
92812,1594
90015,2224
85744,835
81716,269
80187,6283
79890,994
77223,761
71137,550
71132,819
69091,558
68976,1794
66527,3212
64816,720
62492,686
60005,55
57264,1011
56507,649
241864,2023
172683,396
155878,270
154572,6158
133120,443
122254,64
121957,141
99978,3688
98821,2264
89642,800
89346,165
89111,164
88440,4411
82177,131
78981,6927
78482,137
74185,2973
71036,259
70516,1817
70409,840
68860,213
67870,597
67581,670
65633,1218
63072,96
63065,520
63023,347
62969,5117
60618,561
59360,837
146755,5972
143823,192
130623,2347
124004,4268
123531,857
106374,162
104961,4972
95067,2004
86079,2100
85398,487
82194,296
79811,1522
73654,1722
73188,814
72221,1907
71671,1323
66575,285
65982,800
65339,2830
65158,950
64408,6257
63058,551
61969,10756
61632,105
60183,25
59258,6158
58665,498
53221,1445
52584,1410
52295,347
226043,204
180605,27227
160238,4030
159224,1015
152944,347
152428,3936
142619,7227
138439,10751
134108,5949
126151,5779
110151,804
104500,642
98355,2623
95124,859
84314,743
82870,2533
79393,2186
77640,1533
72545,681
72320,408
70746,15
68053,1011
68046,1113
67676,3317
67577,554
66249,5
65266,1110
64693,894
62944,434
57523,2517
162959,2421
131357,1453
129064,342
125457,3838
115088,1020
109186,13483
98276,5620
89623,74
86335,8899
85336,27
84658,1570
83664,38
81962,1122
78042,921
76745,24
75376,1487
74549,9981
72450,725
72427,270
68272,20
67037,166
63667,3548
63584,3342
63277,41
62685,405
58660,992
55924,347
53746,3936
52110,818
49730,1113
236045,12244
151003,3228
142391,915
113143,1308
111283,4189
106338,339
105899,137
94049,1083
93388,1031
92976,1376
89946,956
89838,956
88588,1378
83749,10
81588,2189
76529,974
72622,613
71878,5745
71207,14
71152,4601
68485,3168
67396,174
67270,844
65167,1162
61568,4771
60216,1961
59924,685
59312,797
59278,141
59196,3739
144560,3728
137374,109
132767,127
107942,101
106908,4805
106155,2596
104892,287
104428,1736
103110,1614
101104,4738
97462,874
96773,230
95024,1366
92155,396
85669,803
83859,1505
83712,40
81981,4673
80022,1206
77594,103
76866,850
75646,58
72853,143
70147,422
70032,2268
69397,2258
67407,609
67379,20
66558,82
66272,111
243211,2127
204922,4879
203401,2956
166987,298
153094,783
152846,1074
131882,667
129015,448
124249,131
119109,1250
117509,199
115183,4948
114669,4836
100794,1173
96732,454
94247,11316
94104,412
91484,3003
90945,1597
85682,1526
84600,843
84013,1638
83944,5874
83934,3157
83452,1712
82239,28
80870,712
80779,573
79758,552
78322,788
321969,4230
182077,12487
164545,2844
157154,170
140680,2854
112061,785
109048,247
107094,1778
100339,635
95977,2734
94699,568
86979,664
80660,3194
79787,599
79345,928
68864,3908
66766,899
64778,625
64144,510
62844,57
58892,3235
56210,729
56070,206
55066,2997
53387,796
53103,803
52248,304
51573,4265
50798,241
50542,229
149668,959
119444,6323
112882,1387
105954,5222
85288,7732
81992,2501
76199,1516
74240,2755
72297,3590
70216,1339
69633,1790
68226,4525
67865,3905
67777,1073
65432,1627
62064,857
61264,571
59954,7269
59600,800
58746,992
57546,2710
55256,480
54986,564
50519,2377
49279,530
48962,769
48874,2238
48350,581
48204,525
47953,3503
244140,2885
202866,1655
161565,9956
155974,1073
149371,1000
123142,1377
122714,934
119483,2543
109798,2312
104003,2397
102478,1673
102474,7769
100091,925
94067,283
93326,1385
91343,1378
88788,890
86361,359
84582,2161
84406,2471
77506,7019
75955,1307
75946,2314
74768,606
70820,829
69374,3687
68742,1978
68663,847
66072,2755
65183,1242
209601,3118
200234,1458
159088,885
157876,1380
116894,244
107021,226
102932,7019
97098,908
94935,614
93157,1510
88755,6269
85908,192
83407,935
82433,142
79995,149
79784,670
78798,890
78417,4106
77049,1655
76850,9152
76336,534
76313,414
75874,2688
74036,323
68471,1251
68105,448
66518,1590
66512,611
63080,336
61367,321
192041,4678
166352,6702
132353,445
119828,8346
102492,4798
97824,10026
94374,2414
93504,1391
88811,1171
87424,1930
81638,4858
79438,1942
78059,2372
76104,613
73257,1532
70709,255
70367,179
68883,1343
68432,593
64999,323
64709,570
63152,612
60789,730
59128,2035
58329,773
57608,789
56575,663
56442,477
56015,1435
283684,1494
282928,22264
175080,7337
125853,196
100369,85
91797,491
85882,806
81526,6481
78455,108
77185,1032
70990,179
69828,1454
69030,141
68588,181
64167,326
63938,544
62679,1809
62597,71
61325,114
60901,1861
56238,50
55409,1156
54052,307
53656,857
52191,545
52021,366
50710,59
50533,1013
48374,162
47643,367
172773,7738
164495,6057
81180,1031
78130,640
76150,4410
73815,312
72567,1638
70836,162
69802,445
64939,1471
63690,1740
62660,1268
61184,41
60443,625
57280,382
56703,2913
56530,70
56364,1470
55684,1348
55085,601
55079,2766
54973,342
54053,3997
53411,2545
52124,669
50961,2023
50436,574
49535,311
47454,17
46575,33
227279,5761
150542,1621
150118,5548
134321,677
127180,5482
123116,8108
116083,1581
109423,3938
107541,194
92565,1172
86956,2283
78342,454
77903,774
71407,2566
61312,306
61283,2063
58875,343
57613,629
56008,426
55813,1105
54451,350
54111,102
54036,627
53898,292
53667,385
53613,1831
53347,92
49291,1568
48191,179
47935,1716
140993,951
136319,1946
133602,4472
128641,1629
127145,9408
117606,2155
117430,1430
110870,6564
109030,4714
97872,1078
92251,1246
91945,771
84394,663
83217,487
80470,2265
72560,1730
71681,2394
71652,5224
65699,2992
65170,407
64677,401
63365,907
63347,958
58622,605
57853,915
57212,1541
57013,1836
56203,3175
56193,154
55210,521
188312,1765
123007,1452
109771,49
89859,1385
88355,8469
76832,2180
73864,975
72928,315
70907,513
68790,321
67724,643
63820,1195
60368,410
59688,1096
53220,1961
52341,1299
51926,658
51574,1541
45986,51
44071,356
43964,906
43727,132
43156,677
42731,2867
42400,444
41631,3970
41435,1001
41409,422
40496,140
39940,280
131288,264
126070,1630
110530,280
109675,7445
107174,1757
89892,890
84016,412
82576,1417
82562,2560
82537,548
77935,964
76062,369
71966,1842
70429,497
68039,277
62524,926
59596,4997
58260,301
58158,1078
55201,1801
54646,1694
53778,3189
53556,494
52141,2082
51147,197
50477,212
50400,773
49400,455
48200,178
46261,1013
206527,25095
177664,6111
176161,4105
167041,4251
134007,20474
112669,2548
103299,639
99910,6376
98187,16697
90368,384
89183,2399
86403,3452
81604,477
81544,503
80085,292
75215,283
71842,1149
68833,426
60348,1231
59270,1905
57361,1462
54271,823
52760,229
52121,4258
51562,1384
51141,735
50858,1054
49503,4130
49173,6772
48748,163
364800,48
150344,9782
137982,2749
83734,149
76594,8699
75135,6791
68661,807
59438,309
58716,933
58510,937
56165,224
51763,334
50680,282
49302,205
48752,61
47444,1274
44548,229
44050,1215
41319,529
38950,1196
38773,554
36652,378
35725,75
35361,210
34682,1836
34555,193
34396,119
34211,375
33744,798
31476,177
139495,11108
127275,10965
82346,543
73136,1940
65883,669
63527,452
63185,5214
62323,4316
61480,3811
59667,289
57142,759
56065,6890
55705,243
53118,171
51572,1737
51016,1845
50746,75
49108,764
46739,384
46477,20
46266,753
44423,295
43625,2114
42154,489
41047,308
40000,108
37880,63
36514,161
36440,587
35720,336
134468,5885
123162,5257
105361,191
101417,2165
84448,394
76087,9238
72709,301
65720,7886
64855,2403
62398,2006
57539,308
55751,421
52629,2637
50791,43
48751,493
48345,149
46690,2279
44713,481
43902,44
43164,134
41845,2547
41771,500
41548,1760
41037,420
41004,269
40702,1085
39634,1038
39611,267
38871,30
38766,181
180659,6098
115839,98
115076,6179
113676,3642
103841,9453
98806,11
96891,7453
94948,581
90034,2392
84277,1353
83620,5491
80356,3600
75379,2568
73228,578
70396,3837
63041,2063
59141,1473
58462,653
57534,63
56556,4705
56330,1215
55109,20
54704,544
54315,1482
52107,977
48374,1324
47224,163
47068,707
46561,1847
45689,164
206995,3122
150540,7697
133784,757
126057,9792
111195,1858
88767,2148
83802,10391
78381,579
74688,2008
72851,4250
72462,1796
68012,839
65833,5336
61682,276
60974,452
58279,4271
57872,1123
57706,582
57356,409
55645,3825
55502,5139
53248,519
52154,326
51669,799
51596,211
49872,6098
48955,597
48164,210
47926,329
47027,152
423502,13704
179491,3624
146119,9145
134705,2285
121478,1431
96613,1858
90408,2718
89216,598
85821,61
85767,169
83771,5086
81736,660
78395,254
75292,164
75133,60
74212,580
72984,2808
72074,75
70628,997
69131,3407
67659,73
64277,3720
63218,197
61147,320
57952,1169
55526,1086
55404,426
54361,68
54051,3977
54039,86
273691,3998
125209,417
118677,3138
97584,741
93806,2461
90475,857
88114,9799
79040,2284
75471,5998
72500,421
67460,296
66563,320
66272,259
61911,602
61566,2763
58498,1033
58386,372
56774,263
55354,302
51888,1129
51486,539
51383,138
50705,592
47274,563
46461,782
44394,87
44119,201
43895,797
43808,1741
42001,816
163034,894
152358,2494
133288,165
127168,445
121774,834
121186,6323
119287,5108
107900,291
106156,6160
105778,7372
100332,2317
93148,505
91890,3267
85296,17
79870,93
74892,170
74217,196
67756,3137
67283,211
66536,166
66249,204
65268,4503
61911,1403
61158,143
58253,1762
57021,510
55266,1630
54392,246
53046,157
52735,715
168769,8357
141811,10626
122151,12615
121213,990
110110,890
100187,11340
88957,258
88868,183
86260,1040
84308,2886
83194,556
82132,1356
79784,545
78777,2561
77077,325
73003,463
70640,3052
69751,3899
67754,2877
61911,907
61702,1024
61449,723
60810,1688
60303,397
59536,350
57332,1332
57271,821
56870,243
56032,1470
54526,2596
240038,12205
152750,1233
116318,317
104943,1039
103374,850
101050,7433
99613,532
99347,641
96360,2336
93546,388
92903,926
79293,1862
78203,965
74472,615
69010,2215
66480,162
65347,8885
65011,662
62242,196
61016,240
60726,546
58547,162
58118,64
57305,1368
56814,82
56467,828
54303,743
53974,164
51900,1021
49345,1740
218832,120
206256,886
150374,1803
118166,2529
107995,1506
106067,1362
103440,1879
102373,297
99619,1165
96415,443
94447,814
91678,369
91442,2845
90702,768
85494,637
79309,764
78849,299
77961,286
77824,690
77648,766
77422,3440
75510,498
75391,1537
74901,1571
73804,12
73153,193
72797,564
71691,672
70357,328
70280,2110
163071,818
138546,1112
117838,4253
108580,1505
104404,590
103029,1031
98350,913
93023,852
87889,1102
86299,1102
82625,484
81723,1222
77481,1845
67526,532
66620,312
64563,254
62946,437
62912,676
62112,647
61656,455
58071,282
55386,278
52774,297
50382,30
49927,38
45003,3519
44553,183
44461,690
41543,296
41102,33
188808,1372
188030,2149
176290,581
149561,176
143802,1314
139077,277
132998,258
132809,694
118526,811
116699,911
94389,3938
92379,542
86244,348
85699,987
83868,849
81031,2377
80680,3733
79840,526
76040,891
75393,1259
63141,199
62801,398
62004,930
61105,1084
57320,2180
55836,545
54417,1692
54139,324
50112,546
49224,30
175990,1618
175788,9030
163967,5090
157979,695
140624,1213
123727,1849
110148,1080
108656,1067
95139,2797
95031,3638
91860,1055
86817,829
84696,2623
84535,5485
80034,1220
79990,450
78439,730
73929,1859
71402,793
69746,555
68784,290
65710,393
65450,2361
65230,1223
63488,339
62860,613
62510,2105
62488,3319
60772,1192
60645,1854
245364,14390
198997,3121
181181,19376
145399,47
103780,411
98299,5161
81498,4975
80939,427
78604,770
74283,685
72245,464
71774,1438
69401,1606
66124,3336
62972,1686
62920,393
60846,1299
60070,346
57363,2547
51977,481
50952,101
49957,645
49256,1007
48925,2585
47648,1012
47642,2346
46881,570
46299,812
44948,1614
44805,1220
176071,12012
172165,4242
146595,701
138349,3353
123582,260
116357,70
100456,985
98343,3065
93680,1853
93444,520
86480,7135
83378,528
80665,1158
79661,4233
76475,84
75119,650
74634,872
74460,427
66689,624
65697,1785
64443,1022
64107,232
63063,305
62091,479
61913,1415
60777,2744
60593,742
58862,1176
55847,2012
53190,794
161510,4388
134840,2312
125860,653
124184,586
120328,321
115588,1152
114633,1254
111471,4513
108842,461
108156,473
103529,401
100706,494
98880,620
96525,328
92717,363
91892,9873
90629,587
86198,28
81120,849
78797,719
78678,933
78064,757
77765,1437
77104,2143
75401,3250
72944,2317
72264,436
71635,1309
70915,508
70583,2646
167182,2435
150015,91
138373,2312
114097,1916
106713,2635
103988,1632
101823,1070
101168,5454
97987,2456
91834,3303
87018,1139
83599,295
78680,1668
77473,2680
68702,1423
68681,1702
67363,822
64463,600
62882,615
61703,1404
60042,1914
59566,354
58328,1562
57431,2545
55871,521
55495,398
53585,2373
53488,336
52789,1354
52418,263
276915,937
196428,6345
157422,3662
135402,1647
126514,3716
122714,777
117827,6386
116941,2063
114646,5608
110730,299
105825,6943
104950,4252
99956,671
96027,507
88797,858
84927,1552
82780,918
79230,437
79102,205
78565,210
76712,3339
75101,1759
74090,47
72988,4252
72127,4516
71087,387
69608,5362
66607,1275
63503,359
61782,1218
162952,6069
161226,4970
150513,6059
139457,3272
136942,3050
114864,476
114732,26
113930,596
110273,1442
88198,2140
86622,2803
86047,647
83754,259
82284,1393
82265,213
78865,379
75061,1634
71879,1556
64531,4837
63944,3241
63480,25
61686,199
61321,163
60830,3423
58129,167
57230,389
55725,1117
55607,3662
55367,1305
54669,96
165230,10376
142380,286
131903,1059
131693,5509
127827,4465
123831,13484
117402,2001
117302,5764
105480,9696
100532,1569
98665,1349
96019,10664
92397,5361
90289,3660
89865,2988
85732,516
82733,3092
81657,148
79982,2285
79838,193
78859,5089
68915,492
67430,111
65724,334
65101,80
64020,4463
61428,4941
59550,24
56510,232
55786,725
131915,5963
124744,8981
122121,4591
117917,3429
101763,8213
94911,2809
94505,832
91684,337
90508,4076
84411,122
78947,3863
77640,65
72771,4043
69899,2124
67716,7109
63186,1854
62957,3808
60820,219
59908,4593
59424,2326
58506,142
56647,1927
54461,660
53035,45
52369,34
51619,2102
51489,42
51085,712
50361,229
49851,67
213730,2695
189456,199
121427,376
121330,1941
113697,648
107269,1561
101929,152
100936,9610
91118,4777
89305,1024
88318,340
88062,1003
87290,557
84553,5659
76912,129
75043,1008
73217,39
72261,1222
68922,94
68801,2937
66758,3861
64483,111
64089,55
63923,116
63302,105
63116,665
62962,2184
59658,140
59583,4870
58847,2978
153878,7218
137429,3369
133501,3627
108229,185
106298,2565
102121,14152
101063,152
100455,4943
97790,4519
93938,3351
75760,3750
75628,712
75395,1403
74382,5862
74139,401
73957,339
72758,51
72389,4353
71902,527
71087,3299
71002,3151
69653,2520
69417,5027
67158,6686
64925,944
64340,1237
64335,679
63722,1496
62986,2062
59075,330
141292,1357
119091,654
115515,4633
115179,238
103258,861
89792,1483
85813,710
77002,1126
74050,271
68719,3349
65688,3396
62924,936
62034,9848
59904,11898
57434,4652
56115,4288
54744,30
53165,190
53057,1458
52414,349
52105,219
51763,4345
49734,225
48444,384
47866,211
46360,60
45724,1140
45504,7881
45088,477
43691,1478
226865,200
190428,9663
154704,1106
103483,4947
98142,265
93719,375
82546,260
81514,3806
76964,3670
70954,39
66849,195
63579,1080
63408,311
62525,848
61680,684
58784,1682
57819,617
56361,7881
54076,31
52191,912
52053,24
51066,1129
46614,995
43841,785
43308,1005
41184,8
40650,572
40570,42
39756,7
39511,43
115882,880
104781,451
90490,2860
86966,885
83887,1261
76645,130
71544,739
66658,1701
66287,953
65984,502
65510,1080
64216,269
62853,3056
62684,872
59643,3663
56977,50
56778,41
54777,4004
53786,60
53690,361
52101,532
51916,1341
51716,355
51102,103
50168,1960
49875,656
48033,530
47076,444
45664,2677
45377,424
192550,399
95950,43
91501,159
77464,949
76150,6210
73324,2005
72962,632
68869,763
68534,2009
67762,66
65591,377
63765,70
63678,6953
62146,82
61883,265
60070,82
59217,664
58786,1395
57265,15
56384,754
55778,87
55349,656
52772,673
51207,1041
50629,90
48799,90
46291,18
45616,718
43662,375
43618,142
198750,6444
180654,7748
116920,6169
114506,4670
110527,171
91464,18
90967,2019
75255,827
71748,1733
71399,37
67338,4141
66429,1374
63179,3979
63106,4072
63005,1689
61739,4305
61499,2978
61461,4986
59617,402
55787,557
55215,25
54510,225
53666,307
47739,854
47101,934
46295,2384
44617,11
43365,823
42047,196
39162,2379
100810,30
99243,7131
88258,911
82565,27
76304,402
74303,7748
71478,3521
67146,5111
66363,75
61254,4756
60851,1898
57200,92
57071,12
56005,53
55773,367
54883,1298
54773,810
52006,881
50335,153
48606,774
48467,85
47997,94
46563,149
45538,554
44831,247
43876,290
43728,4037
43531,1561
43431,663
42983,313
161648,2448
134284,6275
110650,691
104718,1168
101093,12558
96449,1239
93269,66
83849,4060
83711,373
83293,546
79999,1809
78783,924
77998,648
77399,5884
76107,575
74734,2746
71511,44
69827,670
68982,5645
67174,536
65395,2798
64200,1355
62716,24
59337,426
59039,554
57303,316
54203,632
53101,332
50246,944
48671,765
103002,1884
102113,6972
100012,7739
99664,1775
84776,715
72027,1809
67881,348
65956,204
65512,216
61382,603
58213,68
55266,381
53732,60
53728,3599
53600,2240
52317,246
50758,536
50372,4289
49058,563
48892,652
47803,376
46614,465
46043,446
45937,8
45550,836
45387,513
45298,318
45063,617
44571,563
43262,1014
172374,9691
130982,5131
108641,70
102745,6706
98202,3725
93967,150
92644,279
91081,192
72924,204
66293,4978
61204,245
59247,46
58418,826
58183,792
57647,855
53548,283
51356,453
48524,395
48440,1134
47261,68
46744,741
46185,1395
45798,118
44286,22
43748,378
43650,509
43261,247
41314,530
41081,247
40453,729
124537,368
123409,37
122156,5769
101204,564
91762,87
91185,63
90218,216
86855,2838
79438,385
76870,3184
74955,508
64022,548
61640,1790
60438,990
59410,204
55696,2417
55155,1741
53056,63
50481,5131
49346,1496
49016,1134
48386,22
48238,150
46041,16
46026,697
44956,792
44423,677
43452,769
43347,959
41166,502
98129,63
97145,17615
87934,1605
86422,200
82620,3200
73039,1613
70687,5880
68565,2470
67805,1730
67052,1880
64991,487
63913,1017
56129,1655
50996,2404
50671,141
49574,644
47122,454
47055,54
45880,906
45710,242
45442,834
44637,153
44576,432
44465,667
43870,879
43709,934
43254,1639
42713,353
41315,762
40960,1413
76337,44
63912,3206
63105,1346
58465,2523
56700,336
53832,2092
51726,2943
49633,82
48989,1200
47342,2026
46224,658
45917,1056
45601,1247
45420,393
45352,1415
44694,1130
44200,2732
42744,57
42552,2083
42448,3950
42007,894
40956,2074
40009,6277
39552,2655
39538,541
38676,406
38374,2495
37813,642
37341,551
37184,1286
139183,15637
83938,1132
80565,3012
79163,1220
74592,2336
64055,1085
62190,2978
58413,1997
57474,50
56409,1671
55521,967
55060,3671
53540,100
52216,4055
50685,523
49300,4541
49093,9
47424,3227
47043,964
44640,915
43893,439
43132,699
40519,98
39318,2127
39031,5151
37929,529
37915,10
37634,3017
36734,414
35557,347
132853,2139
116020,129
113460,15074
106176,2892
105872,1338
104529,7746
101792,1440
95018,128
92138,1656
88278,2005
71847,682
64354,270
58414,752
55897,2084
55427,607
54568,1860
53144,7445
51521,1234
51012,566
49495,2494
49110,1907
48001,59
46920,2857
45727,690
45715,675
41999,477
39088,534
36446,181
36131,54
35890,706
186204,7218
117457,5263
101882,1509
93789,1326
87791,4028
84398,120
70529,3457
68268,249
65283,7521
62974,1925
61680,1459
58826,66
51688,2561
50235,319
48077,837
46394,106
44715,1145
44325,61
44298,117
43913,2892
42418,1364
41480,520
41091,342
39907,512
39626,1158
39618,266
37953,46
37394,4643
37391,152
37383,22
215066,13547
165711,7521
164084,613
130156,2997
110186,6930
101019,1921
99028,108
97663,2531
93109,601
91648,424
84350,815
78477,1827
74198,71
71386,115
69362,72
68889,475
67420,162
67193,237
65119,3205
65062,86
61861,152
60029,1715
58937,1280
56624,217
55565,475
54963,5423
53503,264
52873,2342
52528,1705
51885,808
143137,1326
132818,1063
121055,3859
114264,719
107124,145
95769,102
83168,317
77580,1715
72939,901
71961,1129
60724,855
58974,28
58885,2000
58868,3212
58264,103
55832,5423
54289,310
53961,85
51447,4867
51207,471
51113,323
50893,747
48598,8
47505,230
46188,1600
45469,587
43193,38
41940,6
41417,367
40953,276
252953,6272
144160,34
119490,4887
112544,309
89878,17
88642,31
87416,354
85792,2044
83534,17
82428,13
72667,3088
70852,2072
70573,2194
70051,805
67423,3649
62592,2770
60300,1857
58031,4671
55012,1419
54172,897
53711,1126
52308,561
49902,408
49896,1026
48914,1758
48871,2389
48277,1058
48015,98
47503,1417
46698,3619
140631,205
113940,810
112474,5990
110120,1959
107037,3396
89017,1145
85506,4613
78778,3479
70734,250
69026,1063
64762,2611
63208,4505
61596,72
61274,722
59959,8705
59332,249
56588,1131
53923,106
53574,252
51774,904
51536,457
50213,111
50053,372
49264,616
48384,1292
46638,386
45404,157
44406,1556
44136,373
43748,47
136406,115
126648,4550
115946,2375
114493,4854
112256,359
107157,274
88626,110
68926,3261
67756,82
64829,1584
63182,908
55208,25
52753,2606
50536,228
50371,19
50277,1108
47200,27
46394,612
46014,67
45439,173
44993,823
44505,1371
43251,15
42325,44
42257,916
41557,81
40407,552
39767,56
39256,829
38700,53
115154,359
103876,785
98301,2632
95469,1833
89414,410
86491,19
81464,1556
79615,333
76634,9203
71863,2361
71730,56
65466,5654
65145,92
64651,483
64460,208
58547,861
55908,530
54964,203
54922,1366
52310,1477
51340,665
51165,1489
50108,127
49124,443
49000,6595
48121,14
48077,889
45354,391
45345,275
44944,24
144333,7368
107184,793
102016,7201
96284,6798
90042,7320
83567,3834
77593,3318
66845,3568
59262,50
55788,1713
55729,143
51584,350
50091,48
46592,621
45035,772
44836,2265
41919,2080
41761,1055
40885,142
40842,195
40777,1368
40154,1811
39807,1338
38711,843
38662,699
38653,371
38606,2093
38361,325
37861,134
37808,914
162074,4434
147568,198
141157,2908
139308,728
117491,1460
100508,1309
98666,2757
95464,3123
95183,808
95004,5104
93629,3315
90169,250
89458,390
73488,1487
71127,28
69101,1350
66236,269
63476,59
60723,150
59799,1162
56692,521
52380,806
52376,589
52003,1594
49186,161
48869,93
48303,123
48099,339
47919,2957
45337,457
148276,2849
129777,3978
117878,5539
108299,2389
101848,2231
93336,148
93132,1594
87680,1910
84395,3310
81446,1020
73789,804
73536,2265
68756,3907
65257,1463
64908,150
63616,1544
62022,425
60246,1759
58127,1148
57219,3434
56271,409
55748,1221
53281,922
50433,1457
50264,289
49622,250
48665,45
47140,192
45539,43
45383,551
191950,3862
164534,2083
157790,207
123755,372
109214,192
103448,1685
103251,2400
101790,4486
94322,932
87630,45
86735,1346
86112,3003
84808,772
76216,201
75255,14746
72084,6813
71885,1066
70707,1203
69955,2269
68271,132
65723,10477
65428,6047
62907,3778
62743,1488
60834,5835
60823,158
60001,7255
58972,3252
58432,416
58424,95
179962,558
152878,10691
136588,83
116998,2759
107694,6004
103070,3027
103032,189
95756,209
95337,6388
87177,2143
85759,2794
76424,7573
75345,2314
74957,10108
72348,2854
67557,237
63045,5216
62944,1432
62563,5720
61330,1195
61290,195
60911,54
60124,136
59033,3291
58111,329
57899,586
57697,359
56354,76
53761,1890
53009,1196
130669,2407
128362,101
104680,1465
81894,12596
76126,304
74470,960
73265,481
69925,10108
67268,2317
66793,3533
64731,5565
63635,779
60721,444
59868,555
59704,237
59604,1850
59395,864
58997,195
57602,4491
53671,846
52889,4725
51857,501
51795,841
50713,817
50581,270
49274,3298
46129,414
44166,5741
42877,179
42823,51
220816,2188
136193,4866
131491,1336
125309,1942
115079,1593
111096,1781
106095,2125
103349,129
103054,751
99543,309
91467,2907
91258,3447
89020,217
83471,115
81579,478
80015,331
77143,100
75168,634
73896,3037
73452,273
73218,36
71790,12596
70863,3915
69840,86
69164,310
66801,3078
65788,410
63757,1782
62788,2223
62755,674
178601,1017
166200,1087
106967,580
105825,3754
94411,648
93103,2272
90051,280
86770,259
84869,113
83533,2894
79979,485
79656,5504
71786,98
67936,12971
67360,342
66779,517
66093,772
65997,205
64923,768
64023,2605
60871,1342
60277,5985
59985,1561
59179,536
58946,187
56518,25
54359,986
51504,56
50047,11
49024,44
289329,399
183937,4087
175887,280
162486,364
133411,2573
122223,1400
122198,2688
116560,1525
114236,1332
98997,5866
98118,1319
96337,511
88188,260
87809,21
87544,708
85990,1991
85413,117
80359,2689
74653,46
72874,1438
66607,593
66274,128
62527,608
60818,2382
58203,60
53998,460
50974,1549
50168,20
49551,166
47355,766
298593,140
226530,168
219849,26
151798,1959
104595,2909
94058,499
91255,1005
83779,618
82586,2146
78370,1250
75969,259
73379,387
67814,3425
67535,2538
66555,154
62372,665
61444,128
60486,1013
60463,6211
60152,1073
57850,371
57715,461
56935,870
52770,818
51470,1393
50609,995
49900,993
48348,9
48084,22
47419,309
218946,867
168526,78
167645,598
124834,2545
116861,603
102565,727
95974,2200
91939,600
80641,140
78070,1135
75098,461
74577,1593
74026,1175
73173,290
72067,3669
71883,6211
69235,58
67538,122
66615,313
62007,713
59236,6
58964,53
58320,117
54812,173
53821,441
53001,5402
51431,266
50245,783
49955,497
48779,20
140154,4040
130241,2371
122701,15549
117103,2835
116824,3087
115322,355
112793,13251
105439,558
95253,4421
87354,2464
86435,491
86267,4962
83552,6796
81438,7455
75837,1545
74759,258
73186,6808
72024,1181
71027,213
69886,659
69274,4560
68509,3601
63941,2726
61611,3197
60759,8422
59357,2139
58351,1120
57688,867
56008,803
55197,2377
239036,5082
176099,7537
136929,1453
129071,395
122170,1714
110570,372
110294,805
99505,749
93831,102
91255,126
88187,153
87933,114
81050,4263
80744,235
79553,2995
77159,1092
76179,117
75022,1159
71012,347
66558,897
63200,436
62966,6585
62304,240
61658,276
61477,189
61168,6357
60968,398
60386,4781
60375,2534
58861,4059
240469,15948
207845,12255
147254,11111
147092,7859
138186,4476
128569,8760
111491,432
110530,5499
103548,5570
101434,4514
91242,5965
88549,2957
88300,6357
87673,2363
87005,674
83437,1461
82936,8517
77632,2153
76993,205
76191,3753
74911,6596
74366,4509
72012,5975
68477,1291
67576,3438
66801,4228
65204,144
63791,174
63608,2776
63190,354
155645,9184
136686,14651
120827,10521
114928,318
101352,516
87567,3212
86280,497
84147,1575
78011,2923
77201,580
75920,45
74339,58
74193,3286
70565,182
69847,353
69707,2677
69670,7841
68876,861
65704,2023
59955,767
55649,1358
54074,76
51475,319
49825,937
48226,1887
46906,3210
46300,3587
45418,163
45406,2188
45215,123
387404,4709
308893,9535
169554,220
165104,145
158315,220
134471,2405
131299,4622
131061,3968
125786,182
125164,4792
116187,7829
108355,4105
104503,60
103404,2667
93698,6607
92187,483
92000,15887
91166,12938
79518,3194
78834,4302
76977,156
75876,65
75324,2005
75291,1589
75167,47
73690,145
73281,422
71231,2873
70660,1522
70279,111
215365,709
153541,2141
125901,821
111188,8653
110973,135
105217,2986
101283,231
100025,2836
97821,5344
95281,1322
93778,486
87817,105
77107,4906
72711,1762
70610,2072
68951,475
66705,966
64583,618
62497,767
62161,3274
61056,1945
61031,689
60869,2840
59085,2319
58029,3005
57397,2649
57091,2812
56044,12938
55933,2654
55908,9102
273018,709
116200,4090
110432,2210
106635,490
104515,8378
99713,139
94387,1305
93520,1976
89999,7856
85979,1387
83386,2592
76155,2206
72889,3946
67474,2380
66513,1617
66434,198
65452,142
64639,99
64304,2
63656,2560
63307,57
62239,1591
61868,1858
59495,5301
59258,1997
58917,1798
55625,938
55083,3704
53884,1823
53721,4906
158265,3168
133054,5684
130887,11306
115869,22139
107024,14132
99156,637
99009,7742
90538,4316
88336,503
85912,2844
83101,2287
75380,9567
71919,6779
69337,1654
66922,2655
66189,6171
66062,3143
64930,998
63326,2920
62406,6140
61686,143
59101,4424
58646,3336
56885,3050
56843,440
55586,4177
55203,578
53909,3669
53182,4202
51793,1115
128598,12915
99887,5637
94900,4248
94781,488
90202,5106
89642,180
88302,554
83572,1468
82015,5348
76170,5698
67174,791
66159,5345
61993,4595
57495,677
57272,1476
55043,555
54435,6218
48578,738
48246,1045
47759,386
47639,154
47474,2054
47122,2455
46682,2389
46043,1199
44773,615
44728,1960
44341,24
44232,1297
43684,3334
138846,2823
117563,2802
117276,10900
106352,1152
102738,127
100516,2404
93249,557
91035,2252
90788,6003
90565,3378
89145,1249
88530,849
80500,1503
73214,9884
70773,110
69981,2814
69714,598
68697,1338
66553,156
62478,683
61854,457
61455,1309
60840,2736
58186,1443
55530,711
53337,349
53274,4171
52451,1021
52148,545
51771,198
156616,190
153517,1666
136136,5962
114026,10298
86417,112
85764,13222
80338,108
79027,1219
68042,83
67707,538
65674,1055
65347,2452
62812,789
60600,625
59622,8292
58817,2008
58603,615
58414,1187
57580,91
56215,9652
54785,1577
50803,1639
49660,1480
49652,1116
49650,2237
49486,439
49440,68
48897,3157
47497,1912
46269,255
211872,8207
187449,8910
180740,5482
136363,5537
107481,4783
106613,430
101525,6694
100009,121
94836,14
94738,116
94228,8268
91639,476
87919,4157
87710,3697
84022,7911
83765,3132
79138,1582
78666,372
74769,725
72428,2625
69356,1177
69118,3185
66179,73
64523,2082
63860,199
62929,203
61152,2117
59487,73
58729,2296
56641,1240
200309,1938
147246,1600
127565,1376
116356,4104
100596,14940
97857,178
97058,812
90899,3088
87838,6898
80453,6732
75804,381
72362,1034
70011,50
69668,1032
66131,4274
65386,1566
61699,158
59687,2418
59662,272
59088,1064
58434,3121
56706,17
55589,479
54057,465
53560,156
52935,11
50226,1215
48971,32
47753,63
47732,226
211310,1617
160495,2101
129836,1489
94315,770
88093,575
87208,1245
65502,470
62588,240
60864,726
60123,1035
59876,1132
58008,7314
57942,5920
57270,2531
55753,6784
54969,1363
54426,3865
51440,730
51358,45
50294,1169
49773,2622
48734,2810
48143,975
47612,471
46493,278
45942,826
45692,247
44204,901
43612,119
41954,1857
118035,12082
114539,2255
113443,17915
112487,3568
104606,390
69873,5580
61395,2927
60924,85
60479,8464
60147,9006
59884,2357
56693,106
56525,2436
56239,664
55541,1367
54560,3903
54411,47
53831,181
53742,3573
53535,336
52050,708
52049,138
50904,2335
50556,220
49277,61
49090,168
48098,114
47949,208
46058,37
45741,1879
261761,28192
181104,87
178354,3708
114166,1015
107962,3758
91175,187
88795,497
82874,1133
78568,9249
77689,64
72660,4758
69384,750
69189,134
68371,2309
68167,2221
63665,219
61529,24
59938,291
59591,8464
58557,639
56263,721
56122,2516
54889,772
52394,2385
52069,23
51225,58
50997,2087
50273,9006
50166,4265
49930,27
146263,2719
127843,1546
125988,2616
122552,72
120398,2008
112537,7092
107506,6643
98020,198
97905,3321
91812,12616
91733,9077
91311,3900
90507,5690
87811,7590
83414,1080
79781,277
75851,4636
73033,2264
72068,1488
70508,1948
68679,3758
66844,425
64704,3397
64296,1539
63636,192
63425,1337
63059,2357
59330,3008
55995,4224
54875,1474
221435,7957
157433,3466
146483,10284
128626,389
127287,2462
94296,391
88652,83
85346,4522
84703,4166
83279,1259
81441,3901
78960,35
71386,188
70393,1029
64724,1017
58795,44
57333,4649
57102,62
56334,89
56265,3769
54910,96
49861,81
48262,2458
47311,703
47246,666
46002,907
44733,31
44333,3143
41459,1391
39936,628
205728,248
174768,285
161542,442
128513,2696
125777,11792
118581,6652
113743,1020
107678,554
104917,1361
101997,6416
94698,997
94517,2712
81259,506
81048,156
76227,577
75827,267
72798,248
70044,331
67819,1816
62765,276
62519,810
61706,622
56905,1322
51250,109
51229,565
48987,240
47662,496
45275,3901
43760,288
40125,177
388530,1164
244807,730
211214,388
204551,756
168250,15119
152991,1023
127851,381
126593,308
126187,4209
125034,502
110779,442
102005,893
99599,241
95866,267
93023,274
91600,212
89053,2320
84126,3744
79880,407
75614,2064
75560,12151
75517,173
72665,118
71419,310
70002,165
68355,190
66741,3106
64044,5363
61629,266
60615,41
175750,1706
164576,330
162451,8324
126858,614
126743,685
120233,12861
118526,1402
112867,2619
108984,893
103812,3093
103206,4404
99248,565
97294,154
94254,5162
89837,34
89673,233
88016,263
87380,3760
80343,730
79397,2754
76123,2011
75031,1502
74694,944
71297,4116
71006,2788
70929,10200
69374,569
68734,6517
68172,784
65832,2719
635526,15544
448883,15033
292144,4372
290637,9810
228776,2750
217254,7652
171001,5679
151115,2272
138535,5886
134864,156
129865,4811
129494,1911
124783,3738
124015,2375
118918,2480
106904,1597
104912,6440
104291,734
103740,131
103686,922
95887,2197
93869,3205
90333,268
87164,1197
81822,1907
81125,1993
80728,277
77303,1324
75610,713
74915,652
156905,7219
140556,15033
123836,38
119505,317
112930,1000
103897,3075
86467,1534
82674,79
81793,279
81401,339
79238,1016
78035,6078
77465,196
76725,535
75210,1047
74882,4700
73129,54
73114,2916
72367,2270
72272,58
71613,951
71571,584
70228,719
67330,235
66715,3630
63587,497
63422,1275
62751,305
62727,912
62046,61
219318,1854
167180,114
153485,15033
135487,15270
134075,4731
122964,13115
115718,2183
110597,254
105036,6364
98800,2787
95586,2193
90872,573
89449,1115
86160,306
84509,11477
84094,2183
77601,131
77570,255
74574,170
73895,1348
72431,437
69564,289
67193,1125
66126,2471
65768,328
64057,951
61649,192
60746,7784
60232,1608
59586,3092
215734,174
157026,13269
156651,17733
154825,565
143050,281
135901,450
125919,406
107214,1621
106320,210
102134,1627
100928,186
99389,742
91850,3290
91376,129
87874,12808
86090,6029
82249,10259
79735,4831
75152,162
74053,575
74025,152
73186,3674
67317,137
66115,4191
65693,1253
64342,119
63632,3993
62234,3515
61870,207
59512,1193
230226,638
221393,25636
169707,415
150623,126
138820,5990
128642,12088
124439,120
118648,1295
118166,14071
115602,2168
113996,1022
103933,177
92795,812
87047,167
86745,963
81252,649
79883,221
78154,821
77524,605
75351,527
74377,361
73502,7257
72912,106
69583,1935
69225,3298
68507,1227
68102,1461
68082,188
67322,595
67175,2434
382597,15917
258453,11100
250379,1692
209486,7696
206845,3598
199044,2168
169220,10246
168972,4702
168001,698
148838,1430
138881,4958
132469,3883
124046,855
117879,226
112515,1914
107495,513
104642,7454
102880,3361
102559,3852
101900,2058
100256,11413
93137,2215
92318,3362
91088,5317
88976,2754
86737,2252
81286,1665
81070,922
77271,4313
75738,115
344382,1701
273388,141
236699,867
216086,746
184001,10060
146369,2716
126130,25825
122849,878
121273,2240
118794,7133
110874,1827
101998,2060
100807,3508
99290,619
97674,25461
94356,2461
91851,1593
86473,8866
84931,184
84303,4729
83021,6341
80026,526
77504,205
75770,507
75200,6273
73866,5829
72858,327
71552,197
70502,323
69641,1356
285219,788
245939,2551
239251,13042
197579,883
186451,352
159915,2724
147279,5585
139136,28
138883,2746
122594,1528
114305,396
109350,1028
106138,3623
101897,399
101857,594
101445,4106
101141,1197
96093,1032
88578,916
84223,289
83537,45
81864,2399
80817,28
78539,40
76982,172
76355,346
75793,1138
75713,188
74524,302
70994,140
188429,3659
171883,1664
151943,625
140874,15816
136484,5386
133095,224
131469,223
119371,10090
110332,10155
104924,536
91689,12835
86656,612
83329,7399
79769,220
78467,643
76476,4159
75310,1028
75232,1761
75135,537
68169,773
67654,1448
67647,229
66187,1434
65805,229
65623,917
65214,127
64397,1606
63757,1217
61732,1857
60213,84
225145,22046
126039,190
116846,420
109134,1448
101198,2313
99877,522
92793,1249
90327,1940
89382,737
84049,497
81485,14215
80383,1080
79991,1193
72378,4292
72119,16802
71698,6139
70891,3327
69330,746
69263,336
65608,1899
65390,492
64109,5078
64106,1020
62577,2138
61857,1463
57889,382
57295,152
56538,2123
54805,5103
52413,144
242623,544
201082,98
148796,3051
143838,8909
126667,546
105774,229
102415,14122
99874,5432
91925,224
90764,445
83957,168
83530,140
82960,220
80611,292
76799,180
73745,2979
67512,169
64295,493
63494,139
63340,809
60681,84
60649,1046
59286,9166
59059,582
58908,59
58436,106
58184,22046
56602,1171
53758,438
52054,1952
147734,14122
144897,1169
133988,1325
110786,1846
99487,5057
98703,5275
97086,8047
94190,1729
94128,4154
88899,3763
84226,858
80781,3421
78741,408
78012,1694
77286,733
75449,5064
73433,5687
71954,9343
71607,598
71461,1308
70283,553
64165,1536
63699,97
63661,148
62147,5849
61736,23
60664,1095
57684,145
56645,46
56361,553
366398,281
355038,951
249678,5259
150525,11749
148519,846
136838,132
127621,4799
122648,4280
102973,7889
95399,218
94336,247
91104,303
90830,4876
88167,664
87273,145
86268,4983
82486,185
80599,822
79902,1074
79801,423
79213,1395
78468,70
73407,191
73373,200
70461,4030
69053,2719
68833,213
68443,39
68089,2462
67952,2524
240743,14888
188453,24975
183406,13205
182308,2332
170994,234
170522,608
152714,17204
110665,215
106799,252
100587,3429
98619,7894
95976,5245
94927,498
93311,159
87664,787
87575,2112
87321,142
85854,1479
84355,192
78912,2278
78501,171
77425,966
75669,235
75134,268
71700,774
69686,3988
66393,951
65260,107
63974,851
62304,2524
183040,28
157011,4823
135575,12142
127838,1753
99662,527
95933,330
93713,3332
92025,284
89133,306
88016,149
86764,103
82413,4091
74358,2301
68870,155
68561,195
67478,1354
65686,325
65634,95
64203,69
62969,517
61820,6450
59979,135
58433,40
58365,930
57809,339
56775,369
56227,121
55367,682
55343,945
55169,175
146702,3008
122380,107
107427,4766
106293,4043
105305,7959
104066,5237
102208,4556
101579,6549
101241,7376
87192,53
86643,10190
77312,786
74304,34
71191,6223
68963,71
66863,114
66028,540
65190,2824
61595,1610
61372,80
59113,152
57537,102
57386,154
56780,497
55622,484
55004,153
54804,43
53952,146
53605,42
51683,575
193136,11058
142818,2666
132495,404
125355,7227
122687,14151
116851,4596
111644,223
90988,209
90435,4703
76411,368
76170,1244
69839,226
69657,275
69291,334
67947,1606
66631,143
65560,129
64702,228
64681,3331
64151,179
62143,6004
60719,1315
59142,3890
58655,112
58584,2918
57933,147
57886,271
57220,483
57011,176
56986,155
221905,752
208480,313
154785,16904
139233,11526
124944,11166
123851,878
117607,8907
112999,3890
106311,4178
97039,268
94897,1088
92179,6826
90684,3342
90630,2635
88078,4353
85195,87
80934,41
79348,453
79181,162
77253,2440
72567,2501
71921,376
69848,4471
67623,162
66423,2866
65648,41
65066,107
64933,92
64824,119
62876,2235
317134,14971
152286,1788
128150,6450
124098,791
121979,2836
117819,309
115389,55
109540,204
101494,3738
100879,496
97583,8429
88894,524
86186,159
85402,3913
84049,4749
81942,899
79763,8358
78238,1061
77331,908
76895,748
76427,831
75614,792
75382,160
73044,739
71423,2705
66207,779
64755,88
62691,1274
62491,186
61601,62
236122,381
146761,797
144658,674
122773,6815
107400,323
106273,472
105455,4422
103799,15645
103437,285
94533,50
93359,93
92803,1242
89988,862
89366,3144
85794,323
82875,367
78953,186
78019,261
77106,32
75891,1805
73588,590
72349,429
68520,371
68176,15
67263,483
63681,1744
62513,225
60849,149
58892,799
57546,467
218308,10702
171280,549
156366,81
117473,567
114085,5237
92527,545
92214,5896
90690,4516
85022,276
83232,2018
83157,58
82670,137
75419,15412
73979,950
69817,4157
68194,3006
65287,718
62195,1475
61550,103
60916,48
59885,413
58368,496
57007,1112
56279,3462
55821,34
55345,3720
54376,885
54364,2945
54261,1000
53746,1765
472672,58088
189393,13452
146914,2293
141198,5022
124256,45
100451,3105
99442,1721
96067,1163
92369,656
83122,3027
81726,31
75375,27
74975,1076
74732,8534
73945,3577
67194,2908
66285,144
66056,40
65210,1751
64541,140
64322,2726
63662,30
63009,719
62368,25
61812,1518
61796,4023
61666,3078
61112,12
59274,62
58889,319
279086,1070
267570,3475
234488,1170
163976,10388
147526,1462
147077,4766
143182,2293
128467,171
119641,5663
117708,5489
114925,2890
113022,3456
112075,52
110876,1279
98601,99
95805,4681
95485,4328
94152,414
91170,1310
88676,869
88654,262
86312,821
85222,2858
80610,488
80085,1301
79216,1077
75957,40
75528,1286
74479,58
74002,6647
415537,2581
276460,7271
199181,26863
183854,21728
150840,7660
140905,7907
134053,7583
127936,630
118691,8927
116438,17202
109570,9031
109154,244
107464,5519
104459,6385
102545,1856
101116,3744
100738,544
99296,4623
98711,171
94827,204
94159,1323
91928,532
91784,2093
89127,19900
86905,387
85949,6618
84095,4781
82755,234
82098,3762
82011,4851
284729,5763
221408,5171
215107,35775
203552,26863
182505,4516
178657,3269
178343,2438
169104,14353
144432,15974
132518,67
131356,139
131345,2081
128982,4673
127483,4113
127429,880
125994,19709
123820,654
122434,1398
119419,1319
118452,21728
115484,1027
102681,118
101621,73
100691,5389
99556,11637
99131,750
98904,2359
97595,1709
95850,430
95355,741
216327,90
212377,20947
181938,12179
174223,3161
150036,5834
147819,15969
147013,411
146135,6974
135442,9958
132881,1510
132050,25388
128995,3025
127060,7030
126550,6611
123203,679
122367,15607
118957,46
104685,873
101290,14836
100809,625
96265,17141
91855,1613
89501,1364
89008,4040
88636,1911
84870,4749
81129,2012
79174,3193
76505,69
75695,2233
426054,17065
367494,937
257564,935
240236,376
238331,1198
226395,12179
209919,12847
202943,3505
201647,6173
183434,2626
176188,6321
163052,3698
158764,6804
151920,3174
145715,12749
140301,4149
139744,6367
134440,11379
133390,66
131986,10550
130938,3756
130385,1542
125491,4398
123691,2311
120981,2834
120825,801
117342,4866
116502,2715
114989,4512
111198,3996
339564,39489
312269,1623
278768,11918
277999,6478
206635,13291
201317,1364
198028,8147
194855,14594
194454,14934
187124,2996
174751,3106
172812,784
169295,1763
162049,7794
157029,20654
151530,880
146278,1054
141495,5395
141132,1185
138988,1967
138869,836
137098,2080
135426,3609
132236,495
131145,1917
130318,486
130189,32884
129945,3478
128031,12281
120902,669
629088,13533
477044,3442
325082,2178
314983,20418
288533,28614
288365,10555
238627,6692
213744,8812
208095,7248
192671,6536
191500,5620
177569,25267
177035,14311
164156,5374
163700,2914
160240,8023
154946,11619
153598,762
146277,8094
145470,24772
140740,7678
140072,4328
136471,456
128193,2475
125875,7914
124881,4397
124283,686
121273,1792
118528,5089
118043,447
871961,12108
382395,6209
311482,2330
289565,20333
276221,5828
268295,11974
253596,12622
250403,1640
240223,6118
235144,26834
232734,2178
232601,5596
220097,17348
215037,14211
211386,6320
210003,355
209318,7914
196054,4160
178011,1348
174837,10423
174617,5042
173267,21306
171290,1337
170362,10767
165804,207
164529,5062
163806,28328
161361,8717
160995,10196
151349,15198
463199,31852
372018,6736
304876,17321
276370,16709
251816,8041
249333,690
233318,6866
231438,11658
230970,493
217696,858
209643,4541
202283,17736
185381,8295
184263,1368
175466,10281
164837,7845
157919,655
154566,13419
148369,3008
139842,14274
134931,11576
119507,7861
118701,2330
117929,5063
117721,2616
117272,6422
117038,4710
116617,2356
116154,4296
115825,12418
383382,23538
340961,32194
328723,5542
315082,44762
261234,29235
257797,13821
254560,19640
249931,6332
247297,369
193482,6730
186157,4931
178908,18563
170312,15691
164395,531
163176,6883
151476,5571
135263,127
134637,4653
134235,6823
134140,10230
133480,910
129205,3896
129087,329
128584,6525
125773,170
121972,3687
121860,10513
121674,12418
120023,11495
118756,1244
395535,1315
261619,53729
256606,6748
193787,5622
188892,3789
187294,3935
170193,2378
156946,16197
147681,563
141862,12719
137835,1513
132710,1475
127673,910
126158,9704
120119,227
116902,234
116337,3790
114634,11495
113200,316
103967,4888
101330,149
100816,693
100522,5595
100240,3782
100062,2242
96466,5307
94347,4216
92442,1261
91693,7025
86095,1794
751691,1170
404792,384
371213,14944
331989,5205
285761,3491
283035,206
268609,172
267879,675
232687,6463
221349,9871
216645,1051
208114,11247
199764,11079
177619,1180
175864,10119
174057,34433
173940,11133
172724,496
170045,13325
151540,5642
149020,132
144602,7881
140811,152
140784,4274
133769,12857
133052,205
125088,95
119923,4832
119783,6085
113607,1628
547764,549
503902,21841
431530,269
402744,5300
283659,205
254704,11000
235571,31299
233057,181
232291,13396
229871,7869
219788,87
218975,685
215007,6892
209573,384
208291,184
200424,118
198282,15315
198279,17261
197668,401
194872,97
191990,6888
189621,183
177213,5054
175298,1158
167196,1446
165119,9378
160833,5397
160284,14026
153482,3582
152742,73
251477,10275
250894,6406
241667,14793
202476,17033
201777,10209
199956,178
169958,11954
164579,21841
158108,1897
154649,2573
154368,15099
151206,14553
148557,3210
144758,1615
133464,180
132807,2538
128929,7134
127500,5023
123591,175
123356,487
122577,1076
121428,9978
118755,712
117118,5550
115879,445
114978,675
114371,1550
114268,2731
114115,7405
112757,815
673516,43327
428423,6072
380301,2799
319366,12218
274259,11701
251545,1457
241566,2604
236223,12554
232757,9117
220741,2449
218394,10064
196369,10067
188556,131
188271,1669
187176,1682
177560,6429
167312,2491
163668,843
160378,848
146627,976
144718,2594
143479,548
141302,880
140316,2375
140191,9937
140108,1731
137145,2922
134566,2021
134354,643
131071,908
258044,2275
228342,14974
221287,13652
215151,1352
181429,2873
169082,3247
150591,5613
150378,1770
135719,1257
133845,1339
130415,6405
126245,2083
125004,6334
122966,12396
118800,6475
118211,201
116774,760
112349,21
110813,2390
109723,472
107828,620
105358,2507
102158,7103
99935,4158
98847,2305
98652,4287
94100,206
93383,2503
91869,1878
91325,997
232810,587
186568,954
158677,1555
150580,5488
149511,1893
148371,2505
142539,5840
139876,15766
129950,1996
126190,73
123455,998
120702,643
117859,4713
117129,5028
116897,5293
115063,480
114888,11200
114678,3584
114191,26333
112473,228
111475,9379
109734,5238
107482,6820
106472,19740
104859,4449
103873,651
102176,8199
96332,4140
96080,4594
93796,3598
194063,6792
188911,9732
143656,2927
120107,5836
116221,2107
115163,8709
113999,9649
113051,5157
106285,20688
105934,6429
105753,3510
105580,763
105208,337
101407,1122
100093,3998
99966,3680
99644,6399
95304,1150
86156,5636
86112,2559
85870,1941
82541,19228
78656,1772
77364,2889
77317,166
76801,835
76772,551
75771,2186
74616,329
71683,117
437566,4484
266934,2114
244248,16407
239772,8235
223929,2946
197082,6102
185014,9311
179616,1439
176223,360
166360,2505
131083,19228
131058,8671
128261,6575
127260,8532
126724,286
121339,1901
120370,77
113603,10732
112351,3211
108774,218
96422,20688
95171,9507
94959,2475
90168,4057
87649,6429
85671,1763
85020,12013
81984,863
81720,690
81551,638
448939,300
339240,23565
261434,183
208402,183
191368,16825
191016,204
182024,18916
179998,7983
178815,15812
156843,12526
150864,5806
147546,9666
144488,7074
142160,3443
138788,3407
137234,3854
130656,3430
127858,11934
124138,2909
116299,3588
115035,206
108136,5001
108079,1589
105332,6859
101743,22155
98957,775
98857,10750
98697,5536
93085,2235
92382,2273
286406,384
278946,4072
254690,27664
245368,2680
210808,1453
199970,455
170386,5351
170018,4784
167275,7007
159598,7324
140455,9088
138312,3616
137132,8758
136496,6416
128470,24277
126434,415
116370,139
114754,3412
114689,3440
113768,308
107853,164
102747,699
97622,7498
96002,161
95696,2547
95065,982
92949,751
90715,417
87245,1186
84205,271
232514,2495
221431,1341
176825,483
149442,1993
140371,11632
137336,175
136749,400
136663,14098
135840,12664
130484,8972
130262,1725
130012,278
126373,699
118709,744
100695,18761
100392,2821
100162,4269
99354,326
93786,5273
92675,7176
91700,2106
89638,4176
89049,4207
86861,281
84912,1411
80750,27664
78677,979
77995,1489
76216,926
75347,1275
214366,19140
193185,8586
184276,1702
177132,5169
175153,12592
172253,7587
154569,236
151835,10675
146955,51
144767,9440
142519,270
142057,2917
137031,2273
136606,2326
135961,12034
125384,8859
125005,4297
124202,3499
121695,14510
120222,18482
120073,6629
118776,1311
112908,8985
110719,5218
107348,5633
105684,18736
100158,5021
100068,3448
99386,1489
98279,1591
264517,8618
212194,185
187408,677
171586,134
161165,2824
150815,6144
146622,269
146500,1252
146311,320
144700,4782
133889,1533
132153,4720
130615,751
128130,3877
127476,71
121303,12680
114927,173
114226,3281
110250,4727
109784,5616
109712,4769
109192,1014
108251,3738
106148,2005
99840,3675
98533,2429
98398,558
98211,121
94954,4957
92223,188
199501,2719
171851,2425
131700,4769
121893,657
119124,21154
118726,3467
114849,1422
113521,5951
104961,7778
103565,5322
103474,18
99014,2292
95732,4727
93258,2836
93067,15
91255,416
87685,1069
87369,2409
86373,9064
85733,1294
84269,2095
83364,825
82793,8252
82328,1011
81017,1706
77274,2119
75750,9597
75569,204
74988,138
74953,873
251365,737
217739,1549
204982,2331
204040,3002
199161,3467
195820,1641
172507,1596
153430,228
149887,318
140961,1603
123495,6178
121786,37
120855,1788
119867,2246
118879,1422
111904,1133
109055,167
107933,11105
105886,56
104289,2073
99533,1345
90211,500
88896,1833
88411,3780
86768,1898
84853,527
84548,639
81329,1069
79625,88
76260,287
371139,737
269188,4545
225967,8837
172851,2979
171793,2266
169891,8497
165944,477
153063,6901
143732,1888
129026,438
126057,378
125860,2846
118251,10598
110053,3013
109709,1415
105227,1691
101264,6766
99364,5254
94816,2444
94648,1197
93081,5715
91180,378
89801,4519
88511,120
87966,87
86436,76
86323,258
86129,44
84124,3107
81824,3214
234302,1459
206276,11742
166504,1211
161166,3026
158012,2075
152756,5957
139807,6268
137914,2171
132744,1936
129741,662
128477,672
126945,1952
126941,6887
125802,6093
115645,1398
111223,570
110899,1140
106476,121
104423,233
102751,4619
97750,1627
96079,72
94820,264
94018,406
93733,298
93374,260
89132,195
88183,4451
87429,1839
85702,1055
215054,14099
192196,539
174632,11283
165020,3333
137137,1294
112262,921
107987,1074
107388,1494
105295,268
104760,210
100416,3552
97826,127
96827,444
96511,6942
91305,304
89769,5907
89287,542
84651,2369
78475,728
77111,925
71193,5132
69910,1974
68858,1190
67903,746
67358,243
66402,560
64435,5649
64033,412
62925,3037
62061,543
220852,11227
194586,249
185060,953
135582,1461
119901,1566
119031,450
117218,8513
107550,291
106641,3585
103713,1482
103253,247
102615,361
102442,2245
102227,715
101946,719
100803,6498
97358,51
96840,284
96538,2450
96202,1664
90594,875
89510,1640
87357,1936
86446,701
86136,68
85258,185
84566,626
82723,94
82240,804
81780,3542
210454,1356
160856,4006
154452,5499
150101,12711
142817,1247
128036,868
127775,6662
124151,2391
108049,27547
104044,789
103635,604
89427,2491
88581,5115
86710,388
86584,975
83423,3583
82411,100
79044,6263
78620,2091
78511,1309
73306,179
73193,2730
72696,612
72232,611
70956,639
67692,160
64769,151
64552,122
63854,1041
63712,155
281345,2891
214819,3928
187765,2997
182718,4190
182103,5150
164428,4447
162924,12711
161068,1645
157379,54
157061,657
154384,109
131493,52
123338,89
117577,1300
111879,3884
111471,133
91636,366
87464,2239
85995,1240
82925,2034
78916,201
78496,1862
77992,353
77490,1368
76454,904
75526,1288
75349,4862
74306,397
69533,311
69407,96
283461,3278
278798,1034
268127,10035
246980,4862
215305,1027
197612,1456
195667,7191
176350,4729
162320,1779
158883,15135
148222,711
144763,653
140951,1194
135134,1177
131120,1049
124997,474
114780,9155
110634,11433
108275,908
103494,4156
101803,3696
100391,650
96642,1376
96016,4854
95118,3148
94367,2351
92260,1239
90516,567
90238,1429
86386,557
250562,3179
214113,518
205020,25308
202808,2173
175801,408
164500,130
162957,14755
161825,10559
131915,1200
130176,2704
126457,4040
123579,1536
123010,1882
120966,7751
114467,927
112073,19851
110349,3066
105042,1456
103701,2606
97476,243
93370,4215
93075,8269
89645,243
89383,282
87576,313
86779,1632
86723,301
86065,536
85817,770
84077,831
559015,6336
377627,880
173408,487
146590,4559
146524,369
142097,13234
139672,2862
138336,732
119881,5212
114214,3179
109785,1697
108227,754
105485,1444
103337,4363
102227,198
100099,777
99564,10559
96080,5469
95469,6519
88787,1555
87463,1669
85613,755
85219,435
84030,185
80726,812
80098,1128
79803,66
78694,88
75824,3428
74565,1238
272548,695
226342,3158
199845,123
169727,1545
156500,1598
135891,255
132956,558
131602,1996
123667,21040
111887,1249
100716,1493
97469,4165
97090,936
93024,464
92775,10009
91647,1498
90570,2181
87205,701
84912,683
82353,459
81511,1607
81113,506
80437,341
79478,69
78918,447
78360,708
77304,167
77060,596
76954,777
76619,1585
314254,25979
274073,21032
273797,5204
183979,182
170961,345
165413,792
157890,844
142431,17621
132992,1739
129643,776
129112,581
128730,1460
127847,577
122490,1714
121998,266
121829,7268
118365,3429
111945,3117
111866,685
111744,761
109692,5345
109224,7763
106994,137
104340,1353
103904,577
100829,12291
95475,2112
94146,3791
91987,1207
91562,926
215318,6376
215252,554
206772,16632
193065,12046
189733,385
179592,361
172229,6885
159403,8121
159326,4539
157133,11694
143385,6352
138079,4381
127462,475
118648,2211
113472,102
109588,1313
106627,158
105314,4637
102760,2776
102033,5054
100314,203
97073,1396
95014,2639
90972,2765
88303,2821
88259,900
84256,114
83649,72
83622,2003
82725,917
340865,1564
299923,16632
201244,1931
185161,382
178126,109
173219,2449
167291,1315
164343,479
160768,6489
150232,5343
130233,293
116882,1457
114888,53
111442,2858
111224,1959
109936,3623
103370,3902
102849,5014
102668,428
101189,12016
100223,606
98669,275
98354,1210
94175,637
92481,160
92121,472
89629,217
88836,75
87952,232
84143,1101
549842,15923
313369,12988
223357,7245
172027,13460
158176,5435
152643,369
145146,4237
139689,3656
136637,6670
136112,6612
127125,936
126722,232
121119,3540
118129,932
117925,1839
117011,6233
112690,3219
109517,5265
106082,2696
105102,2109
104625,1457
102900,1770
102348,1179
101583,378
100857,5058
99310,5011
96740,793
86759,160
86716,1820
86410,1646
867050,4609
537633,5918
464248,6612
438298,3338
374783,2160
360169,3471
285720,2414
283819,3701
273977,6670
256582,2176
224340,7893
221372,17919
196092,25933
194846,2023
191565,2930
189235,1148
182271,3566
180236,3197
178119,336
177366,21578
173507,3040
171487,2661
156760,3149
155513,2716
140219,973
137680,1519
136490,762
132547,814
127318,672
125839,354
1222359,7145
274402,27312
250487,705
244053,6954
216125,447
206486,16511
180618,4827
160814,1264
158282,769
150103,2150
149819,641
146981,15671
136276,4078
128514,1281
128051,1236
108379,488
98880,4883
91261,302
90960,1470
90881,1122
89937,2864
89358,722
86094,2160
83740,1441
81776,962
81621,100
81488,7347
81403,903
80707,1781
79362,1635
